Conf. Threshold,TP,FP,FN
0.1,553.0,66.0,9381.0
0.17272727272727273,1175.0,259.0,8566.0
0.24545454545454548,1738.0,517.0,7745.0
0.31818181818181823,2159.0,879.0,6963.0
0.390909090909091,2360.0,1230.0,6410.0
0.46363636363636374,2510.0,1677.0,5813.0
0.5363636363636364,2561.0,2334.0,5104.0
0.6090909090909091,2379.0,3427.0,4194.0
0.6818181818181819,1970.0,5006.0,3024.0
0.7545454545454546,1527.0,6324.0,2149.0
0.8272727272727274,1042.0,7612.0,1346.0
0.9,355.0,9220.0,425.0
