Conf. Threshold,TP,FP,FN
0.1,555.0,34.0,9411.0
0.17272727272727273,1424.0,99.0,8477.0
0.24545454545454548,2568.0,205.0,7227.0
0.31818181818181823,4103.0,442.0,5455.0
0.390909090909091,5283.0,819.0,3898.0
0.46363636363636374,6195.0,1386.0,2418.0
0.5363636363636364,6286.0,2147.0,1567.0
0.6090909090909091,5618.0,3438.0,944.0
0.6818181818181819,4499.0,5028.0,473.0
0.7545454545454546,3214.0,6563.0,223.0
0.8272727272727274,2200.0,7699.0,101.0
0.9,924.0,9052.0,24.0
