Conf. Threshold,TP,FP,FN
0.1,315.0,304.0,9382.0
0.17272727272727273,964.0,964.0,8071.0
0.24545454545454548,1730.0,1897.0,6373.0
0.31818181818181823,2304.0,2907.0,4789.0
0.390909090909091,2534.0,3651.0,3816.0
0.46363636363636374,2744.0,4574.0,2681.0
0.5363636363636364,2735.0,5248.0,2018.0
0.6090909090909091,2643.0,6072.0,1285.0
0.6818181818181819,2396.0,6763.0,841.0
0.7545454545454546,2109.0,7381.0,510.0
0.8272727272727274,1561.0,8211.0,228.0
0.9,691.0,9259.0,50.0
